-e tmpid,vulnTypeid
"74cms-Getshell",10755
"74cms-SQLi-1",10761
"74cms-SQLi-2",10761
"74cms-front-desk-getshell",10755
"74cms-show-sqli",10761
"74cms-v3-Boolean-injection",10761
"74cms-xss",10763
"74cms_V3-plusa-sqli",10761
"74cms_file_read",10758
"74cms_v4-register-sqli",10761
"AVTECH-Machine-info",10773
"AVTECH-cgibox-lfd",10758
"Advanced-city-sqli",10761
"Advanced-locat-sqli",10761
"Advanced_v4-state-sqli",10761
"Airflow-Unauth",10773
"AmttHiboss-Server-Rce",10754
"ApacheNifi-Api-UnauthorizedAccess",10767
"Apexis-IP-CAM-Password-Read",10773
"Apexis-IPCAM-directory-traversal",10760
"Apexis-IPCAM-info",10773
"AppCMS-File-download-vulnerability",10758
"Arcms-json_newslist-sqli",10761
"AspCms_OEM-info",10773
"Aspcms-Backend-Leak",10773
"B2Bbuilder-sms-sqli",10761
"B2Bbuilder-sqli",10761
"B2Bbuilder_v7-getshell",10755
"BT742-PMA-UnauthorizedAccess",10767
"BlueCMS-install-restinstall",10774
"BlueCMS_v1-adjs-sqli",10761
"BlueCMS_v1-guest-book-XSS",10763
"Bo-Blog-go-rce",10753
"Bo-Blog-tag-xss",10763
"Bookinge-city-sqli",10761
"Bookinge-info-sqli",10761
"Bootcms_v1-addform_fcode-sqli",10761
"Bootcms_v1-addmsg-sqli",10761
"Bootcms_v1-ext_price-sqli",10761
"Bootcms_v1-goodsids-sqli",10761
"Bootcms_v1-homepage-sqli",10761
"Bootcms_v1-keyword-sqli",10761
"Bootcms_v1-search-sqli",10761
"CMSEASY-Flash-XSS",10763
"CMSTop-vote-sqli",10761
"CNNVD-201412-193",10758
"CNVD-2011-3440",10761
"CNVD-2011-3594",10761
"CNVD-2011-6136",10761
"CNVD-2011-6208",10763
"CNVD-2012-5790",10758
"CNVD-2012-8656",10755
"CNVD-2013-06167",10758
"CNVD-2014-01187",10763
"CNVD-2014-02541",10759
"CNVD-2014-04714",10758
"CNVD-2014-05543",10761
"CNVD-2014-05548",10758
"CNVD-2014-08564",10761
"CNVD-2015-02504",10755
"CNVD-2015-02598",10761
"CNVD-2015-02771",10755
"CNVD-2015-02973",10761
"CNVD-2015-03375",10758
"CNVD-2015-04041",10758
"CNVD-2015-04306",10758
"CNVD-2015-06157",10761
"CNVD-2016-08603",10752
"CNVD-2016-11944",10773
"CNVD-2017-00009",10761
"CNVD-2017-25744",10760
"CNVD-2018-01089",10754
"CNVD-2018-06472",10761
"CNVD-2018-06472-1",10761
"CNVD-2018-11985",10773
"CNVD-2018-13393",10758
"CNVD-2018-16474",10761
"CNVD-2018-19403",10773
"CNVD-2018-19569",10773
"CNVD-2018-25692",10758
"CNVD-2018-26453",10761
"CNVD-2018-26783_1",10767
"CNVD-2019-00234",10773
"CNVD-2019-01348",10774
"CNVD-2019-07549",10766
"CNVD-2019-07550",10766
"CNVD-2019-08278",10766
"CNVD-2019-08493",10766
"CNVD-2019-08955",10766
"CNVD-2019-13870",10755
"CNVD-2019-13871",10755
"CNVD-2019-14600",10755
"CNVD-2019-16769",10761
"CNVD-2019-17061",10761
"CNVD-2019-19299",10755
"CNVD-2019-27717",10768
"CNVD-2020-23735",10758
"CNVD-2020-26593",10767
"CNVD-2020-46552",10754
"CNVD-2020-56167",10752
"CNVD-2020-57264",10758
"CNVD-2020-62422",10758
"CNVD-2020-67113",10767
"CNVD-2020-68596",10773
"CNVD-2021-01931",10758
"CNVD-2021-04128",10752
"CNVD-2021-09650",10754
"CNVD-2021-10543",10773
"CNVD-2021-14536",10773
"CNVD-2021-15822",10758
"CNVD-2021-15824",10763
"CNVD-2021-17369",10768
"CNVD-2021-26422",10754
"CNVD-2021-28277",10758
"CNVD-2021-30167",10754
"CNVD-2021-49104",10755
"CVE-2000-0114",10767
"CVE-2002-1131",10763
"CVE-2004-0519",10763
"CVE-2005-2428",10773
"CVE-2005-3344",10752
"CVE-2005-4385",10763
"CVE-2006-1681",10763
"CVE-2006-2842",10753
"CVE-2007-0885",10763
"CVE-2007-4504",10758
"CVE-2007-4556",10754
"CVE-2007-5728",10763
"CVE-2008-2398",10763
"CVE-2008-2650",10759
"CVE-2008-4668",10758
"CVE-2008-4764",10758
"CVE-2008-5587",10759
"CVE-2008-6080",10758
"CVE-2008-6172",10758
"CVE-2008-6222",10758
"CVE-2008-6668",10758
"CVE-2009-0545",10753
"CVE-2009-0932",10759
"CVE-2009-1151",10753
"CVE-2009-1496",10758
"CVE-2009-1558",10758
"CVE-2009-1872",10763
"CVE-2009-2015",10758
"CVE-2009-2100",10758
"CVE-2009-3053",10758
"CVE-2009-3318",10758
"CVE-2009-4202",10758
"CVE-2009-4223",10759
"CVE-2009-4679",10758
"CVE-2009-5020",10766
"CVE-2009-5114",10760
"CVE-2010-0157",10758
"CVE-2010-0219",10752
"CVE-2010-0467",10758
"CVE-2010-0696",10758
"CVE-2010-0759",10758
"CVE-2010-0942",10758
"CVE-2010-0943",10760
"CVE-2010-0944",10758
"CVE-2010-0972",10758
"CVE-2010-0982",10758
"CVE-2010-0985",10758
"CVE-2010-1056",10758
"CVE-2010-1081",10758
"CVE-2010-1217",10758
"CVE-2010-1219",10758
"CVE-2010-1302",10758
"CVE-2010-1304",10758
"CVE-2010-1305",10758
"CVE-2010-1306",10758
"CVE-2010-1307",10758
"CVE-2010-1308",10758
"CVE-2010-1312",10758
"CVE-2010-1313",10758
"CVE-2010-1314",10758
"CVE-2010-1315",10758
"CVE-2010-1340",10758
"CVE-2010-1345",10760
"CVE-2010-1352",10758
"CVE-2010-1353",10758
"CVE-2010-1354",10758
"CVE-2010-1461",10758
"CVE-2010-1469",10758
"CVE-2010-1470",10758
"CVE-2010-1471",10758
"CVE-2010-1472",10758
"CVE-2010-1473",10758
"CVE-2010-1474",10758
"CVE-2010-1475",10758
"CVE-2010-1476",10758
"CVE-2010-1478",10758
"CVE-2010-1491",10758
"CVE-2010-1494",10758
"CVE-2010-1495",10758
"CVE-2010-1531",10758
"CVE-2010-1532",10758
"CVE-2010-1533",10758
"CVE-2010-1534",10758
"CVE-2010-1535",10758
"CVE-2010-1540",10758
"CVE-2010-1601",10758
"CVE-2010-1602",10758
"CVE-2010-1603",10758
"CVE-2010-1607",10758
"CVE-2010-1653",10758
"CVE-2010-1657",10758
"CVE-2010-1658",10758
"CVE-2010-1659",10758
"CVE-2010-1714",10758
"CVE-2010-1715",10758
"CVE-2010-1717",10758
"CVE-2010-1718",10758
"CVE-2010-1719",10758
"CVE-2010-1722",10758
"CVE-2010-1723",10758
"CVE-2010-1858",10758
"CVE-2010-1870",10768
"CVE-2010-1871",10753
"CVE-2010-1875",10758
"CVE-2010-1878",10758
"CVE-2010-1952",10758
"CVE-2010-1953",10758
"CVE-2010-1954",10758
"CVE-2010-1955",10758
"CVE-2010-1956",10758
"CVE-2010-1957",10758
"CVE-2010-1977",10758
"CVE-2010-1979",10758
"CVE-2010-1980",10758
"CVE-2010-1981",10758
"CVE-2010-1982",10758
"CVE-2010-1983",10758
"CVE-2010-2033",10758
"CVE-2010-2034",10758
"CVE-2010-2035",10758
"CVE-2010-2036",10758
"CVE-2010-2037",10758
"CVE-2010-2045",10758
"CVE-2010-2050",10758
"CVE-2010-2122",10758
"CVE-2010-2128",10758
"CVE-2010-2259",10758
"CVE-2010-2307",10758
"CVE-2010-2507",10758
"CVE-2010-2680",10758
"CVE-2010-2682",10758
"CVE-2010-2857",10758
"CVE-2010-2861",10758
"CVE-2010-2918",10758
"CVE-2010-2920",10758
"CVE-2010-3203",10758
"CVE-2010-3426",10758
"CVE-2010-4231",10758
"CVE-2010-4239",10759
"CVE-2010-4282",10758
"CVE-2010-4617",10758
"CVE-2010-4719",10758
"CVE-2010-4769",10758
"CVE-2010-4977",10758
"CVE-2010-5028",10758
"CVE-2010-5278",10758
"CVE-2010-5286",10758
"CVE-2011-0049",10758
"CVE-2011-1669",10760
"CVE-2011-2744",10758
"CVE-2011-2780",10758
"CVE-2011-3315",10760
"CVE-2011-4336",10763
"CVE-2011-4618",10763
"CVE-2011-4624",10763
"CVE-2011-4804",10758
"CVE-2011-4926",10763
"CVE-2011-5106",10763
"CVE-2011-5107",10763
"CVE-2011-5179",10763
"CVE-2011-5181",10763
"CVE-2011-5265",10763
"CVE-2012-0896",10760
"CVE-2012-0901",10763
"CVE-2012-0981",10758
"CVE-2012-0991",10758
"CVE-2012-0996",10763
"CVE-2012-1226",10758
"CVE-2012-1823",10753
"CVE-2012-1835",10763
"CVE-2012-2371",10763
"CVE-2012-2399",10763
"CVE-2012-3153",10753
"CVE-2012-4242",10763
"CVE-2012-4253",10758
"CVE-2012-4273",10763
"CVE-2012-4547",10763
"CVE-2012-4768",10763
"CVE-2012-4878",10758
"CVE-2012-4889",10763
"CVE-2012-4940",10758
"CVE-2012-5913",10763
"CVE-2013-1852",10761
"CVE-2013-2248",10766
"CVE-2013-2287",10763
"CVE-2013-3526",10763
"CVE-2013-3827",10758
"CVE-2013-4117",10763
"CVE-2013-4625",10763
"CVE-2013-5108",10763
"CVE-2013-5528",10760
"CVE-2013-5979",10758
"CVE-2013-6281",10763
"CVE-2013-7091",10758
"CVE-2013-7240",10763
"CVE-2014-10037",10758
"CVE-2014-1854",10761
"CVE-2014-2321",10767
"CVE-2014-2323",10761
"CVE-2014-2383",10758
"CVE-2014-2908",10763
"CVE-2014-2962",10758
"CVE-2014-3120",10753
"CVE-2014-3206",10753
"CVE-2014-3704",10761
"CVE-2014-3744",10758
"CVE-2014-4210",10765
"CVE-2014-4513",10763
"CVE-2014-4535",10763
"CVE-2014-4536",10763
"CVE-2014-4539",10763
"CVE-2014-4544",10763
"CVE-2014-4550",10763
"CVE-2014-4558",10763
"CVE-2014-4561",10763
"CVE-2014-4592",10763
"CVE-2014-4940",10760
"CVE-2014-5258",10760
"CVE-2014-5368",10760
"CVE-2014-5389",10761
"CVE-2014-6271",10754
"CVE-2014-6308",10758
"CVE-2014-8586",10761
"CVE-2014-8682",10761
"CVE-2014-8799",10760
"CVE-2014-8877",10753
"CVE-2014-9094",10763
"CVE-2014-9097",10761
"CVE-2014-9173",10761
"CVE-2014-9444",10763
"CVE-2014-9606",10763
"CVE-2014-9607",10763
"CVE-2014-9608",10763
"CVE-2014-9609",10758
"CVE-2014-9614",10752
"CVE-2014-9615",10763
"CVE-2014-9617",10766
"CVE-2014-9618",10767
"CVE-2015-0554",10773
"CVE-2015-1000005",10758
"CVE-2015-1000010",10758
"CVE-2015-1000012",10759
"CVE-2015-1427",10767
"CVE-2015-1494",10763
"CVE-2015-1503",10758
"CVE-2015-1880",10763
"CVE-2015-2067",10758
"CVE-2015-2068",10763
"CVE-2015-2080",10773
"CVE-2015-2166",10758
"CVE-2015-2807",10763
"CVE-2015-2824",10761
"CVE-2015-2825",10755
"CVE-2015-2826",10773
"CVE-2015-3224",10753
"CVE-2015-3301",10759
"CVE-2015-3337",10758
"CVE-2015-3648",10759
"CVE-2015-3897",10758
"CVE-2015-4018",10761
"CVE-2015-4050",10767
"CVE-2015-4133",10755
"CVE-2015-4414",10760
"CVE-2015-4694",10760
"CVE-2015-5461",10766
"CVE-2015-5471",10760
"CVE-2015-5472",10758
"CVE-2015-5531",10760
"CVE-2015-5688",10758
"CVE-2015-6477",10763
"CVE-2015-6544",10763
"CVE-2015-6920",10763
"CVE-2015-7297",10761
"CVE-2015-7377",10763
"CVE-2015-7450",10753
"CVE-2015-7517",10761
"CVE-2015-7780",10758
"CVE-2015-7823",10766
"CVE-2015-8349",10763
"CVE-2015-8399",10773
"CVE-2015-8813",10765
"CVE-2015-9406",10758
"CVE-2015-9414",10763
"CVE-2015-9480",10760
"CVE-2016-0957",10767
"CVE-2016-1000126",10763
"CVE-2016-1000127",10763
"CVE-2016-1000128",10763
"CVE-2016-1000129",10763
"CVE-2016-1000130",10763
"CVE-2016-1000131",10763
"CVE-2016-1000132",10763
"CVE-2016-1000133",10763
"CVE-2016-1000134",10763
"CVE-2016-1000135",10763
"CVE-2016-1000136",10763
"CVE-2016-1000137",10763
"CVE-2016-1000138",10763
"CVE-2016-1000139",10763
"CVE-2016-1000140",10763
"CVE-2016-1000141",10763
"CVE-2016-1000142",10763
"CVE-2016-1000143",10763
"CVE-2016-1000146",10763
"CVE-2016-1000148",10763
"CVE-2016-1000149",10763
"CVE-2016-1000152",10763
"CVE-2016-1000153",10763
"CVE-2016-1000154",10763
"CVE-2016-1000155",10763
"CVE-2016-10033",10753
"CVE-2016-10904",10761
"CVE-2016-10924",10760
"CVE-2016-10940",10761
"CVE-2016-10956",10758
"CVE-2016-10960",10753
"CVE-2016-10981",10763
"CVE-2016-10983",10773
"CVE-2016-10991",10758
"CVE-2016-10993",10763
"CVE-2016-1555",10754
"CVE-2016-2004",10753
"CVE-2016-2389",10758
"CVE-2016-3978",10763
"CVE-2016-4975",10772
"CVE-2016-4977",10753
"CVE-2016-5649",10773
"CVE-2016-6277",10754
"CVE-2016-7981",10763
"CVE-2016-8527",10763
"CVE-2017-0929",10765
"CVE-2017-1000028",10760
"CVE-2017-1000029",10773
"CVE-2017-1000170",10760
"CVE-2017-1000486",10753
"CVE-2017-10075",10763
"CVE-2017-10271",10775
"CVE-2017-10974",10760
"CVE-2017-11512",10758
"CVE-2017-11584",10761
"CVE-2017-11610",10754
"CVE-2017-12149",10775
"CVE-2017-12542",10767
"CVE-2017-12544",10763
"CVE-2017-12583",10763
"CVE-2017-12629",10753
"CVE-2017-12635",10767
"CVE-2017-12637",10758
"CVE-2017-12794",10763
"CVE-2017-14135",10754
"CVE-2017-14849",10758
"CVE-2017-15287",10763
"CVE-2017-15363",10758
"CVE-2017-15647",10760
"CVE-2017-15715",10755
"CVE-2017-15944",10753
"CVE-2017-16806",10760
"CVE-2017-16877",10760
"CVE-2017-17043",10763
"CVE-2017-17058",10760
"CVE-2017-17059",10763
"CVE-2017-17451",10763
"CVE-2017-17562",10753
"CVE-2017-18024",10763
"CVE-2017-18536",10763
"CVE-2017-18553",10763
"CVE-2017-18598",10763
"CVE-2017-18638",10753
"CVE-2017-3506",10754
"CVE-2017-3528",10766
"CVE-2017-3881",10753
"CVE-2017-4011",10763
"CVE-2017-5487",10773
"CVE-2017-5521",10773
"CVE-2017-5631",10763
"CVE-2017-5982",10758
"CVE-2017-6090",10755
"CVE-2017-7269",10771
"CVE-2017-7391",10763
"CVE-2017-7615",10768
"CVE-2017-7719",10761
"CVE-2017-7921",10767
"CVE-2017-8917",10761
"CVE-2017-9288",10763
"CVE-2017-9506",10765
"CVE-2017-9822",10753
"CVE-2017-9833",10758
"CVE-2017-9841",10754
"CVE-2018-0127",10773
"CVE-2018-0296",10758
"CVE-2018-1000129",10763
"CVE-2018-1000130",10753
"CVE-2018-1000226",10767
"CVE-2018-1000533",10753
"CVE-2018-1000600",10765
"CVE-2018-1000861",10753
"CVE-2018-10093",10754
"CVE-2018-10095",10763
"CVE-2018-10141",10763
"CVE-2018-10201",10758
"CVE-2018-10523",10773
"CVE-2018-10523-1",10773
"CVE-2018-10562",10754
"CVE-2018-10735",10761
"CVE-2018-10736",10761
"CVE-2018-10737",10761
"CVE-2018-10738",10761
"CVE-2018-10818",10754
"CVE-2018-10822",10760
"CVE-2018-10823",10754
"CVE-2018-10956",10758
"CVE-2018-10969",10761
"CVE-2018-11231",10761
"CVE-2018-11686",10753
"CVE-2018-11709",10763
"CVE-2018-12031",10759
"CVE-2018-12054",10758
"CVE-2018-1207",10753
"CVE-2018-12095",10763
"CVE-2018-12296",10767
"CVE-2018-12300",10766
"CVE-2018-12613",10759
"CVE-2018-12634",10773
"CVE-2018-1271",10760
"CVE-2018-1273",10753
"CVE-2018-12998",10763
"CVE-2018-1335",10754
"CVE-2018-13379",10760
"CVE-2018-13380",10763
"CVE-2018-13980",10760
"CVE-2018-14013",10763
"CVE-2018-14064",10760
"CVE-2018-14418",10761
"CVE-2018-14574",10766
"CVE-2018-14728",10765
"CVE-2018-14912",10758
"CVE-2018-14916",10753
"CVE-2018-14931",10766
"CVE-2018-15138",10758
"CVE-2018-15473",10768
"CVE-2018-15517",10765
"CVE-2018-15535",10758
"CVE-2018-15745",10758
"CVE-2018-15961",10755
"CVE-2018-16059",10760
"CVE-2018-16133",10758
"CVE-2018-16167",10754
"CVE-2018-16283",10760
"CVE-2018-16299",10760
"CVE-2018-16341",10753
"CVE-2018-16668",10773
"CVE-2018-16670",10773
"CVE-2018-16671",10773
"CVE-2018-16716",10760
"CVE-2018-16763",10761
"CVE-2018-16836",10758
"CVE-2018-17074",10766
"CVE-2018-17246",10759
"CVE-2018-17254",10761
"CVE-2018-17422",10766
"CVE-2018-17431",10754
"CVE-2018-18069",10763
"CVE-2018-18264",10768
"CVE-2018-18323",10759
"CVE-2018-18570",10763
"CVE-2018-18608",10763
"CVE-2018-18775",10763
"CVE-2018-18777",10758
"CVE-2018-18778",10758
"CVE-2018-18925",10758
"CVE-2018-19326",10758
"CVE-2018-19365",10760
"CVE-2018-19386",10763
"CVE-2018-19439",10763
"CVE-2018-19458",10758
"CVE-2018-20462",10763
"CVE-2018-20470",10758
"CVE-2018-20824",10763
"CVE-2018-20985",10759
"CVE-2018-2392",10762
"CVE-2018-2628",10775
"CVE-2018-2791",10763
"CVE-2018-2893",10775
"CVE-2018-2894",10755
"CVE-2018-3167",10765
"CVE-2018-3238",10763
"CVE-2018-3714",10758
"CVE-2018-3760",10758
"CVE-2018-3810",10767
"CVE-2018-3949",10760
"CVE-2018-5230",10763
"CVE-2018-5233",10763
"CVE-2018-5316",10763
"CVE-2018-5651",10763
"CVE-2018-5715",10763
"CVE-2018-6008",10758
"CVE-2018-6200",10766
"CVE-2018-6910",10773
"CVE-2018-7251",10773
"CVE-2018-7422",10759
"CVE-2018-7467",10758
"CVE-2018-7490",10760
"CVE-2018-7600",10753
"CVE-2018-7602",10753
"CVE-2018-7662",10773
"CVE-2018-7700",10764
"CVE-2018-7719",10758
"CVE-2018-8006",10763
"CVE-2018-8033",10762
"CVE-2018-8715",10767
"CVE-2018-8719",10767
"CVE-2018-8727",10758
"CVE-2018-8770",10773
"CVE-2018-9118",10760
"CVE-2018-9161",10773
"CVE-2018-9205",10758
"CVE-2018-9845",10767
"CVE-2018-9995",10767
"CVE-2019-0193",10754
"CVE-2019-0230",10753
"CVE-2019-10068",10753
"CVE-2019-10092",10763
"CVE-2019-1010290",10766
"CVE-2019-10405",10773
"CVE-2019-10475",10763
"CVE-2019-10758",10754
"CVE-2019-11013",10758
"CVE-2019-11248",10773
"CVE-2019-11510",10758
"CVE-2019-11580",10768
"CVE-2019-11581",10753
"CVE-2019-11869",10763
"CVE-2019-12276",10760
"CVE-2019-12314",10758
"CVE-2019-12461",10763
"CVE-2019-12593",10759
"CVE-2019-12616",10764
"CVE-2019-12725",10754
"CVE-2019-12962",10763
"CVE-2019-13101",10767
"CVE-2019-13392",10763
"CVE-2019-13396",10760
"CVE-2019-13462",10761
"CVE-2019-14205",10759
"CVE-2019-14223",10767
"CVE-2019-14312",10758
"CVE-2019-14322",10758
"CVE-2019-14470",10763
"CVE-2019-14696",10763
"CVE-2019-14974",10763
"CVE-2019-15107",10754
"CVE-2019-15501",10763
"CVE-2019-15713",10763
"CVE-2019-15858",10763
"CVE-2019-15889",10763
"CVE-2019-16097",10767
"CVE-2019-16123",10758
"CVE-2019-16278",10760
"CVE-2019-16313",10773
"CVE-2019-16332",10763
"CVE-2019-16525",10763
"CVE-2019-1653",10773
"CVE-2019-16662",10753
"CVE-2019-16759",10754
"CVE-2019-16920",10754
"CVE-2019-16931",10763
"CVE-2019-16932",10765
"CVE-2019-16996",10761
"CVE-2019-16997",10761
"CVE-2019-17270",10754
"CVE-2019-17418",10761
"CVE-2019-17444",10752
"CVE-2019-17503",10773
"CVE-2019-17506",10767
"CVE-2019-17538",10758
"CVE-2019-17558",10754
"CVE-2019-1821",10753
"CVE-2019-18371",10760
"CVE-2019-18393",10758
"CVE-2019-18394",10765
"CVE-2019-18922",10758
"CVE-2019-19134",10763
"CVE-2019-19368",10763
"CVE-2019-19781",10760
"CVE-2019-19908",10763
"CVE-2019-19985",10758
"CVE-2019-20085",10760
"CVE-2019-20141",10763
"CVE-2019-20183",10755
"CVE-2019-20224",10754
"CVE-2019-2578",10768
"CVE-2019-2588",10773
"CVE-2019-2616",10767
"CVE-2019-2725",10754
"CVE-2019-2729",10775
"CVE-2019-2767",10767
"CVE-2019-3396",10753
"CVE-2019-3401",10773
"CVE-2019-3402",10763
"CVE-2019-3403",10768
"CVE-2019-3799",10760
"CVE-2019-3911",10763
"CVE-2019-3912",10766
"CVE-2019-3929",10754
"CVE-2019-5127",10754
"CVE-2019-5418",10758
"CVE-2019-6112",10763
"CVE-2019-6340",10753
"CVE-2019-6715",10773
"CVE-2019-7192",10767
"CVE-2019-7219",10763
"CVE-2019-7238",10767
"CVE-2019-7254",10758
"CVE-2019-7256",10754
"CVE-2019-7275",10766
"CVE-2019-7481",10761
"CVE-2019-7543",10763
"CVE-2019-7609",10754
"CVE-2019-8442",10760
"CVE-2019-8446",10767
"CVE-2019-8449",10773
"CVE-2019-8451",10765
"CVE-2019-8937",10763
"CVE-2019-8982",10753
"CVE-2019-9041",10753
"CVE-2019-9618",10759
"CVE-2019-9670",10762
"CVE-2019-9726",10760
"CVE-2019-9733",10767
"CVE-2019-9955",10763
"CVE-2019-9978",10763
"CVE-2020-10148",10767
"CVE-2020-10199",10753
"CVE-2020-10204",10753
"CVE-2020-10546",10761
"CVE-2020-10547",10761
"CVE-2020-10548",10761
"CVE-2020-10549",10761
"CVE-2020-10770",10765
"CVE-2020-11034",10766
"CVE-2020-11110",10763
"CVE-2020-11455",10760
"CVE-2020-11529",10774
"CVE-2020-11547",10773
"CVE-2020-11710",10767
"CVE-2020-11738",10760
"CVE-2020-11853",10753
"CVE-2020-11854",10753
"CVE-2020-11930",10763
"CVE-2020-11978",10754
"CVE-2020-11991",10762
"CVE-2020-12054",10763
"CVE-2020-12116",10758
"CVE-2020-12447",10758
"CVE-2020-12720",10761
"CVE-2020-12800",10755
"CVE-2020-13117",10754
"CVE-2020-13158",10758
"CVE-2020-13167",10753
"CVE-2020-13483",10763
"CVE-2020-13638",10767
"CVE-2020-13700",10773
"CVE-2020-13927",10774
"CVE-2020-13937",10767
"CVE-2020-13942",10753
"CVE-2020-13945",10754
"CVE-2020-14092",10761
"CVE-2020-14179",10773
"CVE-2020-14181",10773
"CVE-2020-14413",10763
"CVE-2020-14750",10753
"CVE-2020-14864",10758
"CVE-2020-14882",10753
"CVE-2020-14883",10753
"CVE-2020-15148",10753
"CVE-2020-15227",10753
"CVE-2020-15505",10753
"CVE-2020-15568",10753
"CVE-2020-15568",10754
"CVE-2020-15920",10753
"CVE-2020-16139",10770
"CVE-2020-16846",10754
"CVE-2020-16952",10753
"CVE-2020-17362",10763
"CVE-2020-17456",10753
"CVE-2020-17496",10754
"CVE-2020-17505",10754
"CVE-2020-17506",10761
"CVE-2020-17518",10755
"CVE-2020-17519",10758
"CVE-2020-18268",10773
"CVE-2020-19282",10763
"CVE-2020-19283",10763
"CVE-2020-19295",10763
"CVE-2020-19360",10773
"CVE-2020-1943",10763
"CVE-2020-19625",10754
"CVE-2020-2036",10763
"CVE-2020-2096",10763
"CVE-2020-20982",10763
"CVE-2020-2103",10773
"CVE-2020-21224",10754
"CVE-2020-2140",10763
"CVE-2020-22210",10761
"CVE-2020-22840",10768
"CVE-2020-23015",10766
"CVE-2020-23517",10763
"CVE-2020-23575",10760
"CVE-2020-23972",10755
"CVE-2020-24148",10765
"CVE-2020-24186",10755
"CVE-2020-24223",10763
"CVE-2020-24312",10760
"CVE-2020-24391",10754
"CVE-2020-24550",10766
"CVE-2020-24571",10760
"CVE-2020-24579",10768
"CVE-2020-24912",10763
"CVE-2020-24949",10754
"CVE-2020-25078",10773
"CVE-2020-25213",10755
"CVE-2020-25495",10763
"CVE-2020-25506",10754
"CVE-2020-2551",10775
"CVE-2020-25540",10760
"CVE-2020-25780",10758
"CVE-2020-25864",10763
"CVE-2020-26073",10758
"CVE-2020-26153",10763
"CVE-2020-26214",10767
"CVE-2020-26413",10773
"CVE-2020-26876",10768
"CVE-2020-26919",10753
"CVE-2020-26948",10765
"CVE-2020-27191",10758
"CVE-2020-27361",10773
"CVE-2020-27467",10758
"CVE-2020-27735",10763
"CVE-2020-27866",10767
"CVE-2020-27982",10763
"CVE-2020-27986",10767
"CVE-2020-28208",10767
"CVE-2020-28871",10753
"CVE-2020-28976",10765
"CVE-2020-29164",10763
"CVE-2020-29227",10759
"CVE-2020-29395",10763
"CVE-2020-29453",10760
"CVE-2020-3187",10756
"CVE-2020-3452",10758
"CVE-2020-35234",10760
"CVE-2020-35338",10752
"CVE-2020-35476",10753
"CVE-2020-35489",10755
"CVE-2020-35580",10758
"CVE-2020-35598",10758
"CVE-2020-35713",10754
"CVE-2020-35729",10754
"CVE-2020-35736",10760
"CVE-2020-35749",10760
"CVE-2020-35774",10763
"CVE-2020-3580",10763
"CVE-2020-35846",10761
"CVE-2020-35847",10761
"CVE-2020-35848",10761
"CVE-2020-35951",10756
"CVE-2020-36112",10761
"CVE-2020-36289",10773
"CVE-2020-36510",10763
"CVE-2020-4463",10762
"CVE-2020-5284",10760
"CVE-2020-5307",10761
"CVE-2020-5405",10760
"CVE-2020-5410",10760
"CVE-2020-5412",10765
"CVE-2020-5515",10761
"CVE-2020-5775",10753
"CVE-2020-5776",10764
"CVE-2020-5777",10767
"CVE-2020-5847",10754
"CVE-2020-5902",10754
"CVE-2020-6171",10763
"CVE-2020-6207",10767
"CVE-2020-6287",10767
"CVE-2020-6308",10765
"CVE-2020-6637",10761
"CVE-2020-7136",10767
"CVE-2020-7209",10753
"CVE-2020-7247",10754
"CVE-2020-7318",10763
"CVE-2020-7796",10765
"CVE-2020-7943",10773
"CVE-2020-7961",10753
"CVE-2020-7980",10754
"CVE-2020-8115",10763
"CVE-2020-8163",10753
"CVE-2020-8191",10763
"CVE-2020-8193",10767
"CVE-2020-8194",10753
"CVE-2020-8209",10760
"CVE-2020-8497",10773
"CVE-2020-8512",10763
"CVE-2020-8515",10754
"CVE-2020-8641",10760
"CVE-2020-8771",10767
"CVE-2020-8813",10754
"CVE-2020-8982",10760
"CVE-2020-9036",10763
"CVE-2020-9047",10774
"CVE-2020-9054",10754
"CVE-2020-9315",10767
"CVE-2020-9344",10763
"CVE-2020-9376",10773
"CVE-2020-9402",10761
"CVE-2020-9425",10773
"CVE-2020-9483",10761
"CVE-2020-9490",10770
"CVE-2020-9496",10775
"CVE-2020-9757",10753
"CVE-2021-1497",10754
"CVE-2021-1498",10754
"CVE-2021-1499",10755
"CVE-2021-20031",10766
"CVE-2021-20038",10771
"CVE-2021-20090",10760
"CVE-2021-20091",10753
"CVE-2021-20092",10773
"CVE-2021-20123",10759
"CVE-2021-20124",10759
"CVE-2021-20167",10754
"CVE-2021-20792",10763
"CVE-2021-20837",10754
"CVE-2021-21287",10765
"CVE-2021-21307",10753
"CVE-2021-21311",10765
"CVE-2021-21315",10754
"CVE-2021-21389",10767
"CVE-2021-21402",10760
"CVE-2021-21479",10753
"CVE-2021-21801",10763
"CVE-2021-21802",10763
"CVE-2021-21803",10763
"CVE-2021-21816",10773
"CVE-2021-21881",10754
"CVE-2021-21972",10753
"CVE-2021-21975",10765
"CVE-2021-21978",10755
"CVE-2021-21985",10754
"CVE-2021-22005",10755
"CVE-2021-22053",10753
"CVE-2021-22054",10765
"CVE-2021-22122",10763
"CVE-2021-22145",10773
"CVE-2021-22205",10754
"CVE-2021-22214",10765
"CVE-2021-22873",10766
"CVE-2021-22986",10753
"CVE-2021-23241",10760
"CVE-2021-24146",10767
"CVE-2021-24176",10763
"CVE-2021-24210",10766
"CVE-2021-24226",10773
"CVE-2021-24235",10763
"CVE-2021-24237",10763
"CVE-2021-24274",10763
"CVE-2021-24275",10763
"CVE-2021-24276",10763
"CVE-2021-24278",10767
"CVE-2021-24285",10761
"CVE-2021-24288",10766
"CVE-2021-24291",10763
"CVE-2021-24298",10763
"CVE-2021-24300",10763
"CVE-2021-24316",10763
"CVE-2021-24320",10763
"CVE-2021-24335",10763
"CVE-2021-24340",10761
"CVE-2021-24342",10763
"CVE-2021-24358",10766
"CVE-2021-24364",10763
"CVE-2021-24387",10763
"CVE-2021-24389",10763
"CVE-2021-24406",10766
"CVE-2021-24407",10763
"CVE-2021-24472",10759
"CVE-2021-24488",10763
"CVE-2021-24495",10763
"CVE-2021-24498",10763
"CVE-2021-24499",10755
"CVE-2021-24510",10763
"CVE-2021-24746",10763
"CVE-2021-24750",10761
"CVE-2021-24762",10761
"CVE-2021-24838",10766
"CVE-2021-24926",10763
"CVE-2021-24947",10764
"CVE-2021-24987",10763
"CVE-2021-24991",10763
"CVE-2021-24997",10767
"CVE-2021-25008",10763
"CVE-2021-25028",10766
"CVE-2021-25033",10766
"CVE-2021-25052",10764
"CVE-2021-25055",10763
"CVE-2021-25063",10763
"CVE-2021-25074",10766
"CVE-2021-25075",10764
"CVE-2021-25111",10766
"CVE-2021-25112",10763
"CVE-2021-25118",10767
"CVE-2021-25120",10763
"CVE-2021-25281",10767
"CVE-2021-25646",10753
"CVE-2021-25864",10760
"CVE-2021-26084",10753
"CVE-2021-26086",10760
"CVE-2021-26247",10763
"CVE-2021-26295",10753
"CVE-2021-26475",10763
"CVE-2021-26598",10767
"CVE-2021-26710",10763
"CVE-2021-26723",10763
"CVE-2021-26812",10763
"CVE-2021-26855",10753
"CVE-2021-27132",10772
"CVE-2021-27310",10763
"CVE-2021-27358",10770
"CVE-2021-27561",10754
"CVE-2021-27651",10767
"CVE-2021-27850",10753
"CVE-2021-27905",10765
"CVE-2021-27931",10762
"CVE-2021-28073",10767
"CVE-2021-28149",10758
"CVE-2021-28150",10773
"CVE-2021-28151",10754
"CVE-2021-28164",10760
"CVE-2021-28169",10767
"CVE-2021-28377",10758
"CVE-2021-28854",10773
"CVE-2021-28918",10764
"CVE-2021-28937",10768
"CVE-2021-29156",10761
"CVE-2021-29203",10767
"CVE-2021-29442",10774
"CVE-2021-29484",10763
"CVE-2021-29490",10765
"CVE-2021-29622",10766
"CVE-2021-29625",10763
"CVE-2021-3002",10763
"CVE-2021-30049",10763
"CVE-2021-3017",10773
"CVE-2021-3019",10758
"CVE-2021-30213",10763
"CVE-2021-30461",10753
"CVE-2021-30497",10758
"CVE-2021-31249",10772
"CVE-2021-31250",10763
"CVE-2021-3129",10775
"CVE-2021-31581",10767
"CVE-2021-31589",10763
"CVE-2021-31602",10767
"CVE-2021-31682",10763
"CVE-2021-31856",10761
"CVE-2021-31862",10763
"CVE-2021-32030",10768
"CVE-2021-32172",10753
"CVE-2021-3223",10758
"CVE-2021-32305",10754
"CVE-2021-32618",10764
"CVE-2021-32682",10753
"CVE-2021-32819",10753
"CVE-2021-32820",10753
"CVE-2021-32853",10763
"CVE-2021-3293",10773
"CVE-2021-3297",10767
"CVE-2021-33044",10768
"CVE-2021-33221",10767
"CVE-2021-33357",10754
"CVE-2021-33544",10754
"CVE-2021-33564",10758
"CVE-2021-3374",10760
"CVE-2021-3377",10763
"CVE-2021-3378",10755
"CVE-2021-33807",10760
"CVE-2021-33904",10763
"CVE-2021-34370",10763
"CVE-2021-34429",10760
"CVE-2021-34473",10753
"CVE-2021-34621",10768
"CVE-2021-34640",10763
"CVE-2021-34643",10763
"CVE-2021-34805",10760
"CVE-2021-35265",10763
"CVE-2021-35464",10753
"CVE-2021-35587",10753
"CVE-2021-3577",10754
"CVE-2021-36260",10754
"CVE-2021-36356",10753
"CVE-2021-3654",10766
"CVE-2021-36748",10761
"CVE-2021-36749",10773
"CVE-2021-37216",10763
"CVE-2021-37416",10763
"CVE-2021-37538",10761
"CVE-2021-37580",10767
"CVE-2021-37704",10773
"CVE-2021-37833",10763
"CVE-2021-38314",10767
"CVE-2021-38540",10767
"CVE-2021-38647",10753
"CVE-2021-38702",10763
"CVE-2021-38704",10763
"CVE-2021-38751",10772
"CVE-2021-39226",10767
"CVE-2021-39312",10760
"CVE-2021-39316",10760
"CVE-2021-39320",10763
"CVE-2021-39322",10763
"CVE-2021-39327",10773
"CVE-2021-39350",10763
"CVE-2021-39433",10758
"CVE-2021-39501",10764
"CVE-2021-40323",10753
"CVE-2021-40438",10765
"CVE-2021-40539",10767
"CVE-2021-41174",10763
"CVE-2021-41266",10767
"CVE-2021-41349",10767
"CVE-2021-41773",10754
"CVE-2021-4191",10767
"CVE-2021-41951",10763
"CVE-2021-42013",10760
"CVE-2021-43062",10763
"CVE-2021-43287",10758
"CVE-2021-43798",10758
"CVE-2021-44103",10774
"CVE-2021-44228",10753
"CVE-2021-44451",10773
"CVE-2021-44521",10753
"CVE-2021-44528",10766
"CVE-2021-45046",10753
"CVE-2021-45232",10767
"CVE-2021-46379",10766
"CVE-2021-46381",10758
"CVE-2022-0140",10773
"CVE-2022-0148",10763
"CVE-2022-0149",10763
"CVE-2022-0165",10766
"CVE-2022-0189",10763
"CVE-2022-0201",10763
"CVE-2022-0208",10763
"CVE-2022-0218",10763
"CVE-2022-0271",10763
"CVE-2022-0288",10763
"CVE-2022-0346",10763
"CVE-2022-0381",10763
"CVE-2022-0422",10763
"CVE-2022-0540",10767
"CVE-2022-0591",10765
"CVE-2022-0595",10763
"CVE-2022-0653",10763
"CVE-2022-1020",10753
"CVE-2022-1054",10768
"CVE-2022-1119",10760
"CVE-2022-1221",10763
"CVE-2022-1388",10753
"CVE-2022-1392",10760
"CVE-2022-1597",10763
"CVE-2022-21371",10760
"CVE-2022-22947",10753
"CVE-2022-22954",10753
"CVE-2022-22963",10753
"CVE-2022-22965",10753
"CVE-2022-23808",10763
"CVE-2022-23881",10754
"CVE-2022-23944",10767
"CVE-2022-24112",10753
"CVE-2022-24288",10754
"CVE-2022-24990",10773
"CVE-2022-26148",10773
"CVE-2022-27849",10773
"CVE-2022-31268",10760
"CVE-2022-37042",10753
"Cacti-Weathermap-FileUpload",10755
"Cacti-Weathermap-FileWrite",10755
"Ccobubrazor_v8-generate-info",10773
"Ccobubrazor_v8-getConfigTest-info",10773
"Changdao-165-SQLi",10761
"Chinaunicom-Default-Login",10752
"CmsEasy-bss-xss",10763
"Cmseasy-Http-Head-sqli",10761
"Cmseasy-celive-sqli",10761
"Cmseasy_v5-archive-sqli",10761
"Discuz-V72-SQLi",10761
"Discuz-WechatPlugins-Unauth",10767
"Discuz-ece-language",10753
"Discuz-info-api",10773
"Discuz-lfd-hux_wx",10759
"Discuz-lfd-milu_seotool",10759
"Discuz-sqli-batch_common",10761
"Discuz-sqli-forummission",10761
"Discuz-sqli-nds_ques_viewanswe",10761
"Discuz-sqli-v63shop_goods",10761
"Discuz-unauthorized-tools",10767
"Discuz-xss-admin",10763
"Discuz-xss-admincp",10763
"Discuz-xss-ajax",10763
"Discuz_x3_2-sqlimisc",10761
"Dotnetcms-SQLi",10761
"E-office-do_excel-FileUpload",10755
"E-office10-Upload",10755
"E_bridge-lfi-saveYZJFile",10758
"E_cology-sqli-Page",10761
"E_cology-sqli-login",10761
"E_mobile-sqli-flowimg",10761
"Ecology-rce-WorkflowServiceXml",10753
"Ecology-sqli-BlogService",10761
"Ecology-sqli-HrmCareerApplyPerEdit",10761
"Ecology-sqli-HrmCareerApplyPerView",10761
"Ecology-sqli-HrmCareerApplyWorkEdit",10761
"Ecology-sqli-HrmCareerApplyWorkView",10761
"Ecology-sqli-MobileService",10761
"Ecology-sqli-SignatureDownLoad",10761
"Ecology-users_data-Unauthorized",10767
"Ecshop-CollectionList-SQLi",10761
"Ecshop-Rce",10761
"Fangwei-OA-AdminLogin",10773
"Fangweicms-SQLi",10761
"Front-NoCondition-RCE",10754
"HikvisionIntercom-Service-DefaultPassword",10752
"JCMS-DBCONFIG-FILEREAD",10758
"JCMS-Downfile_Jsp-SQLi",10761
"JCMS-Import_Jsp-FileUpload",10755
"JCMS-Index_Jsp-SQLi",10761
"JCMS-JCMSopr_Domsg_JSP-SQLi",10761
"JCMS-M_5_b-XSS",10763
"JCMS-Opr_Datacall_Jsp-SQLi",10761
"JCMS-Opr_Wap_Col_Jsp-SQLi",10761
"JCMS-Que_Dictionary_Jsp-SQLi",10761
"JCMS-Que_Flow_Jsp-SQLi",10761
"JCMS-Que_Model_JSP-Unauth",10767
"JCMS-Que_Recemsg_Jsp-SQLi",10761
"JCMS-Selectx_List_JSP-SQLi",10761
"JCMS-lm_sys_opr_uploadimg_JSP-FileUpload",10755
"JCMS-m_1_9_user_Down_Jsp-FileDownload",10758
"JCMS-opr_classajax_SQLi",10761
"Jcms-Ldap-SecretKeyLeak",10773
"Jcms-Vipchat-FileDownload",10755
"Jcms-module_voting_down-FileDownload",10758
"Joomla-Database-download",10773
"Joomla-LFD-s5_media_player",10758
"Joomla-SQLi-com_rbids",10761
"Joomla-Upload-media",10755
"Joomla-lfd-cckjseblod",10758
"Joomla-lfd-contushdvideoshare",10758
"Joomla-lfi-com_joomanager",10758
"Joomla-sqli-aceftp",10758
"Joomla-sqli-com_blog_calendar",10761
"Joomla-sqli-com_ebcontent",10761
"Joomla-sqli-com_fastball",10761
"Joomla-sqli-com_fields",10761
"Joomla-sqli-com_gallery_wd",10761
"Joomla-sqli-com_jobgroklist",10761
"Joomla-sqli-com_rand",10761
"Joomla-sqli-com_rpl",10761
"Joomla-sqli-com_sponsorwall",10761
"Joomla-sqli-com_training",10761
"Joomla-sqli-com_vikbooking",10761
"Joomla-sqli-googlesearch",10763
"Joomla-sqli-registrationpro",10761
"Joomla-upload-com_myblog",10755
"LBS-LFR",10758
"LBS-SQLi",10761
"Lm-FileRead",10758
"Mallbuilder-404_key-SQLi",10761
"Mallbuilder-Change_statusPHP-SQLi",10761
"Mallbuilder-Index-SQLi",10761
"Mallbuilder-List_brand-SQLi",10761
"Mallbuilder-Message_Product_Payment-SQLi",10761
"Mallbuilder-Product-SQLi",10761
"Mallbuilder-Product_Shop-SQLi",10761
"Mallbuilder-aboutus_key-SQLi",10761
"Mallbuilder-aboutus_type-SQLi",10761
"Mallbuilder-ad_name-SQLi",10761
"Mallbuilder-add_brand_user_id-SQLi",10761
"Mallbuilder-admin_activity_product_list_id-SQLi",10761
"Mallbuilder-admin_buyorder_deid-SQLi",10761
"Mallbuilder-admin_buyorder_id-SQLi",10761
"Mallbuilder-admin_deliver_id-SQLi",10761
"Mallbuilder-admin_logistics_temp_deid-SQLi",10761
"Mallbuilder-admin_logistics_temp_edit-SQLi",10761
"Mallbuilder-admin_member_editid-SQLi",10761
"Mallbuilder-admin_message_det_id-SQLi",10761
"Mallbuilder-admin_message_list_delbox_did-SQLi",10761
"Mallbuilder-admin_message_list_delbox_rid-SQLi",10761
"Mallbuilder-admin_message_list_inbox_did-SQLi",10761
"Mallbuilder-admin_message_sed_uid-SQLi",10761
"Mallbuilder-admin_product_count_id-SQLi",10761
"Mallbuilder-admin_receipt_id-SQLi",10761
"Mallbuilder-admin_return_id-SQLi",10761
"Mallbuilder-admin_security_editid-SQLi",10761
"Mallbuilder-admin_shop_consult_id-SQLi",10761
"Mallbuilder-admin_start_addr_deid-SQLi",10761
"Mallbuilder-admin_start_addr_fid-SQLi",10761
"Mallbuilder-admin_start_addr_id-SQLi",10761
"Mallbuilder-admin_start_addr_tid-SQLi",10761
"Mallbuilder-adv_chk-SQLi",10761
"Mallbuilder-ajax_back_end_user-SQLi",10761
"Mallbuilder-announcement_chk-SQLi",10761
"Mallbuilder-announcement_delid-SQLi",10761
"Mallbuilder-announcement_detail_id-SQLi",10761
"Mallbuilder-bank_account_deid-SQLi",10761
"Mallbuilder-bank_account_mod_id-SQLi",10761
"Mallbuilder-bank_deid-SQLi",10761
"Mallbuilder-bank_name-SQLi",10761
"Mallbuilder-brand_cat_delid-SQLi",10761
"Mallbuilder-brand_cat_id-SQLi",10761
"Mallbuilder-brand_delid-SQLi",10761
"Mallbuilder-cards_chk-SQLi",10761
"Mallbuilder-cards_delid-SQLi",10761
"Mallbuilder-cat_key-SQLi",10761
"Mallbuilder-comment_id-SQLi",10761
"Mallbuilder-consult_k-SQLi",10761
"Mallbuilder-consult_key-SQLi",10761
"Mallbuilder-cpmod_id-SQLi",10761
"Mallbuilder-delid-SQLi",10761
"Mallbuilder-fast_mail_id-SQLi",10761
"Mallbuilder-feedback_deid-SQLi",10761
"Mallbuilder-feedback_id-SQLi",10761
"Mallbuilder-feedbackd_id-SQLi",10761
"Mallbuilder-hy_feedback_key-SQLi",10761
"Mallbuilder-list_key-SQLi",10761
"Mallbuilder-list_province-SQLi",10761
"Mallbuilder-list_ptype-SQLi",10761
"Mallbuilder-list_type-SQLi",10761
"Mallbuilder-login_key-SQLi",10761
"Mallbuilder-lostpass_key-SQLi",10761
"Mallbuilder-lostpass_md5-SQLi",10761
"Mallbuilder-lostpass_userid-SQLi",10761
"Mallbuilder-match_id-SQLi",10761
"Mallbuilder-membermod_userid-SQLi",10761
"Mallbuilder-message_admin_message_sed_uid-SQLi",10761
"Mallbuilder-notice_template_type-SQLi",10761
"Mallbuilder-order_detailPHP_oid-SQLi",10761
"Mallbuilder-order_detail_oid-SQLi",10761
"Mallbuilder-orderby_key-SQLi",10761
"Mallbuilder-pluginphp-FileRead",10758
"Mallbuilder-points_cat_delid-SQLi",10761
"Mallbuilder-points_chk-SQLi",10761
"Mallbuilder-product_list_key-SQLi",10761
"Mallbuilder-property_chk-SQLi",10761
"Mallbuilder-register_key-SQLi",10761
"Mallbuilder-report_chk-SQLi",10761
"Mallbuilder-reserve_username_delid-SQLi",10761
"Mallbuilder-search_key-SQLi",10761
"Mallbuilder-service_fee_chk-SQLi",10761
"Mallbuilder-shipping_address_chk-SQLi",10761
"Mallbuilder-shop_cat_delid-SQLi",10761
"Mallbuilder-shop_consult_id-SQLi",10761
"Mallbuilder-shop_domin_chk-SQLi",10761
"Mallbuilder-shop_earnest_chk-SQLi",10761
"Mallbuilder-shop_grade_chk-SQLi",10761
"Mallbuilder-shop_template_chk-SQLi",10761
"Mallbuilder-smarty_config_key-SQLi",10761
"Mallbuilder-space_product_detail_id-SQLi",10761
"Mallbuilder-space_product_detail_uid-SQLi",10761
"Mallbuilder-spec_chk-SQLi",10761
"Mallbuilder-sub_site_key-SQLi",10761
"Mallbuilder-tg_member_chk-SQLi",10761
"Mallbuilder-ucomment_id-SQLi",10761
"Mallbuilder-user_order_username-SQLi",10761
"Mallbuilder-user_read_rec_username-SQLi",10761
"Mallbuilder-wap_key-SQLi",10761
"Mallbuilder714-getshell",10755
"Metinfo-Front-Getshell",10754
"Metinfo-V5_0_admin_memeber_getpassword-SQLi",10761
"Metinfo-V5_1_7-LFI",10759
"Metinfo-V5_1_7_job_php-BindSQLi",10761
"Metinfo-V5_1_FileUpload-Getshell",10755
"Metinfo-V5_2_12-SQLi",10761
"Metinfo-V5_2_thumb_php-FileRead",10758
"Metinfo-V5_3_12_metv5_top_php-SQLi",10761
"Metinfo-V5_3_1_func_php-SQLi",10761
"Metinfo-V5_3_1_news_php-SQLi",10761
"Metinfo-V5_3_search-SQLi",10761
"Metinfo-V5_3_search_php-SQLi",10761
"Metinfo-V5_3_x_uidata_php-Config",10773
"Metinfo-V6_0_0-FileRead",10758
"Metinfo-V6_0_0_old_thumb_class_php-FileRead",10758
"Metinfo-V6_0_0_thumb_php-FileRead",10758
"Metinfo-V6_1_0-phpinfo",10773
"Metinfo-img_php-SQLi",10761
"Metinfo-login_check-SQLi",10761
"Metinfo-v6_2_0_admin_index_php-UploadGetShell",10755
"NGFW4000-DeafultPass",10752
"Netentsec-Ngfw-Rce",10754
"PHPOK-SQLi",10761
"PHPSHE-SQLi",10761
"PbootCMS_v1-About-CommandExecution",10753
"PbootCMS_v1-CommandExecution",10754
"PbootCMS_v1-Content-CommandExecution",10753
"PbootCMS_v1-Index-CommandExecution",10753
"PbootCMS_v1-List-CommandExecution",10753
"PbootCMS_v1-ParserController-CodeExecution",10753
"PbootCMS_v1-Search-CommandExecution",10753
"PbootCms-312-RCE",10754
"Qibocms-SQLi",10761
"Qilin-Bastion-HostRce",10754
"S2-001",10753
"S2-003",10753
"S2-008",10753
"S2-012",10753
"S2-016",10753
"S2-032",10753
"S2-052",10753
"S2-053",10753
"S2-057",10753
"S2-062",10753
"SecurityCheckerSys-Unauth-DownloadLogs",10767
"SponIpIntercom-File-Read",10758
"SpringBoot-H2db-Rce",10753
"SpringBoot-Heapdump",10774
"SpringBoot-Metrics",10773
"Springboot-Httptrace",10774
"Springboot-Loggers",10774
"TPLINK_AC1750-login",10752
"TP_Link-unauthorized_access-conf_bin",10768
"ThinkPHP-2-Rce",10753
"ThinkPHP-501-RCE",10753
"ThinkPHP-509-InformationDisclosure",10761
"Tongda-OA-FileInclude",10759
"TopApp-AD-LoginBypass",10768
"TopApp-AD_bytecache_run_action_php-RCE",10754
"TopApp-AD_change_lan_php-FileRead",10758
"TopApp-AD_change_lan_php-RCE",10754
"TopApp-AD_download_php-FileDownload",10758
"TopApp-AD_enable_tool_debug_php-RCE",10754
"TopApp-AD_getMacAddr_php-RCE",10754
"TopApp-AD_static_arp_include_php-SQLi",10761
"TpShop-Sqli",10761
"TruboCRM-sqli-forgetpswd",10761
"Typecho-Rce",10753
"UnAuthenticated-Tensorboard",10767
"V5Shop-sqli-commond",10761
"VC-Coltop_Interface_JSP-SQLi",10761
"VC-Columncount_Downfile_JSP-FileInclude",10758
"VC-Interface_Styletop_Arttop_interface_JSP-SQLi",10761
"VC-Que_Style_Coltop_JSP-SQLi",10761
"VC-VerifyCodeServlet-Unauth",10767
"VC-opr_copycode_jsp-SQLi",10761
"VmwareVcenter-Arbitrary-FileRead",10758
"WEB-Gateway-FileDownlaod",10758
"WEB-Gateway-InfoLeak",10773
"WEB-audit_db-Downlaod",10773
"WEB-monitor_db-Downlaod",10773
"WEB-policy_db-Downlaod",10773
"WEB-product_db-Downlaod",10773
"WebGateway-ifcfg_db-Downlaod",10773
"Weiphp-SQLi",10761
"Wooyun-2010-080723",10753
"WordPress-Abtest_Plugin-LFI",10759
"WordPress-Ad_Buttons_Plugins-DatabaseDownload",10773
"WordPress-Ajax_Store_Locator_Wordpress_Plugins-FileInclude",10758
"WordPress-Ari_Adminer_Plugins-DatabaseDownlaod",10773
"WordPress-BatchMove_Plugins-DatabaseDownload",10773
"WordPress-Begin_Themes-Redirection",10766
"WordPress-Brandfolder-LFI",10759
"WordPress-Caldera_Forms_Plugins-DatabaseDownload",10773
"WordPress-Community_Events_Plugins-SQLi",10761
"WordPress-Custom-Blocks_SypexGeo_Plugins-DatabaseDownload",10773
"WordPress-Dev_Custom_Management_Plugins-DatabaseDownload",10773
"WordPress-Disqus_Comment_System_Plugins-DatabaseDownload",10773
"WordPress-Exports_and_Reports_Plugins-DatabaseDownload",10773
"WordPress-FancyBox_For_Wordpress_Plugins-FullPathDisclosure",10773
"WordPress-Toolbox_Plugins-DatabaseDownload",10773
"WordPressPlugin-Advanced-Dewplayerlfd",10758
"Wordpess-wppg_photo_details_gallery_id-SQLi",10761
"Wordpress-497-InfoDisclosure",10773
"Wordpress-4_7-InfoDisclosure",10773
"Wordpress-4_7_3_revslider-InfoDisclosure",10773
"Wordpress-4_9_x_u_parts-FileRead",10758
"Wordpress-53-UserDisclosure",10773
"Wordpress-Apptha_Slider_Gallery_Plugins-FileRead",10758
"Wordpress-AzonPop_Plugin-SQLi",10761
"Wordpress-CIP4-LFI",10759
"Wordpress-Cp_Multi_View_Calendar_Plugins-SQLi",10761
"Wordpress-Diarise_Plugins-LFI",10759
"Wordpress-Estrutura-Basica_Plugins-FileDisclosure",10758
"Wordpress-FAQ_Plugins-DirectoryCross",10760
"Wordpress-Fusion_Engage_Plugins-FileDisclosure",10758
"Wordpress-HighStand_Themes-DatabaseBackupDownload",10773
"Wordpress-IP-Logger_Plugins-SQLi",10761
"Wordpress-IncredibleWP_Theme-ArbitraryFileDownload",10758
"Wordpress-Issuu_Panelr_Plugins-LFI",10759
"Wordpress-Ithemes_BackupBuddy_Amazon_WP-S3_Plugins-DatabaseDownload",10773
"Wordpress-JoeBooking_Plugins-DatabaseBackupDisclosure",10773
"Wordpress-KBoard_Plugins-SQLi",10761
"Wordpress-MagicMembers_Plugins-DatabaseBackupDisclosure",10773
"Wordpress-Mail_Masta_Plugins-LFI",10759
"Wordpress-MainWP_Plugins-BypassLogin",10768
"Wordpress-Media_Library_Categories_Plugins-SQLi",10761
"Wordpress-MiwoFTP_Plugins-ArbitraryFileDownload",10758
"Wordpress-Multiple_Themes-ArbitraryFileDownload",10760
"Wordpress-NMedia_Website_Contact_Form-FileInclude",10759
"Wordpress-OPS_Old_Post_Spinner_Plugins-LFI",10759
"Wordpress-Orbis_Plugins-DatabaseDownload",10773
"Wordpress-Pagelines_Plugins-ArbitraryFileUpload",10755
"Wordpress-Photocart_Link_Plugins-LFI",10759
"Wordpress-Plugin_404-XSS",10763
"Wordpress-Private-InfoLeak",10773
"Wordpress-Product_Catalog_Plugins-SQLi",10761
"Wordpress-RedSteel_Themes-ArbitraryFilesDownload",10758
"Wordpress-Revslider_Show_Image_Plugins-ArbitraryFilesDownload",10758
"Wordpress-Seo_Pressor-LeakAge",10760
"Wordpress-Shopp_Plugins-DatabaseBackupDownload",10773
"Wordpress-Simple_Forum_Plugins-DatabaseDownload",10773
"Wordpress-Social_Warfare_Plugins-RCE",10759
"Wordpress-Ultimatum_Themes-FileDownload",10758
"Wordpress-W3tc-InfoLeak",10773
"Wordpress-WP_BackupPlus_Plugins-InfoLeak",10773
"Wordpress-WP_Business_Directory_Plugins-DatabaseBackupDownload",10773
"Wordpress-WP_EasyCart_Plugins-DatabaseDownload",10773
"Wordpress-WP_Mobile_Edition_Plugins-FileRead",10758
"Wordpress-WP_Quiz_Plugins-DatabaseBackupDisclosure",10773
"Wordpress-WPide_ACE_Plugins-DatabaseDownload",10773
"Wordpress-Windows_Desktop_and_iPhone_Photo_Uploader_Plugins-FileUpload",10755
"Wordpress-WpEasyCart_LevelFourStoreFront_Plugins-DatabaseDownload",10773
"Wordpress-Wysija_Newsletters_Plugins-DatabaseBackuDisclosure",10773
"Wordpress-db-backup-InfoDisclosure",10773
"Wordpress-force_download_Plugins-FileDownload",10758
"Wordpress-jQuery-DomXSS",10763
"Wordpress-jQuery_Mega_Menu_Plugins-LFI",10759
"Wordpress-newwpml_Plugins-DatabaseBackupDownload",10773
"Wordpress-setupconfig-InfoDisclosure",10773
"Wordpress-submit_nex_form_Plugins-SQLi",10761
"Wordpress-wp_admin_admin_ajax-FileRead",10758
"Yonyou-GRP_U8-SqliToRce",10761
"YonyouFE-sqli-schedule",10761
"YonyouNc-Arbitrary-FileUpload",10755
"YonyouNc-Directory-Traversal",10760
"YonyouU8-OA-Sqli",10686
"accessibility-helper-xss",10763
"activemq-default-login",10752
"ad-widget-lfi",10759
"admin-word-count-column-lfi",10758
"advanced-access-manager-lfi",10759
"age-gate-open-redirect",10766
"ahwebexperts-car-details-sqli",10761
"ahwebexperts-pagephp-sqli",10761
"ahwebexperts-product-sqli",10761
"aikcms-admin-page-getshell",10755
"aikcms_2link_edit_sqli",10761
"aikcms_v2-add-upload",10755
"aikcms_v2-admin-File-Upload",10755
"aikcms_v2-admin-upload",10755
"aikcms_v2-caiji-upload",10755
"aikcms_v2-edit-sqli",10761
"aikcms_v2-nav-upload",10755
"aikcms_v2-poster-editphp-time-blind",10761
"aikcms_v2-xss",10763
"aikcms_v2_notice_edit_sqli",10761
"airflow-configuration-exposure",10773
"airflow-debug",10774
"airflow-default-login",10752
"ait-csv-import-export-rce",10755
"alfacgiapi-wordpress",10760
"alibaba-canal-info-leak",10773
"alibaba-mongoshake-unauth",10767
"ambari-default-login",10752
"amministrazione-aperta-lfi",10758
"apache-filename-enum",10774
"apache-flink-unauth-rce",10755
"apache-hbase-unauth",10767
"apache-solr-file-read",10758
"apache-solr-log4j-rce",10753
"apache-storm-unauth",10767
"apisix-default-login",10752
"appcms-databases",10773
"aspose-file-download",10758
"aspose-ie-file-download",10758
"aspose-pdf-file-download",10758
"aspose-words-file-download",10758
"attitude-theme-open-redirect",10766
"avada-xss",10763
"avcon6-download-lfd",10758
"avcon6-infomation-leak",10755
"avcon6-infomation-rce",10753
"axublog-adlogin-sql-injection",10761
"axublog-goindes-xss",10763
"axublog-hit-sqli",10761
"axublog-login-universal-password",10768
"axublog-v1-cookiebypass",10767
"axublog_v1-ad-admin-sqli",10761
"axublog_v1-app-lfr",10755
"axublog_v1-hitphp-sqli",10761
"axublog_v1-search-sqli",10761
"axublog_v1-upload",10755
"bartarcms-allgallary-sqli",10761
"beescms-header-sqli",10761
"beescms-memberpost-sqli",10761
"beescms-mxform-sqli",10761
"beescms-order-save-sqli",10761
"beescms-save-sqli",10761
"beescms-v3-member-sqli",10761
"beescms_v3-login-sql-injection",10761
"beescms_v4-Permission-bypass",10767
"beescms_v4-login-sqli",10755
"brandfolder-lfi",10758
"brandfolder-open-redirect",10766
"btoptionscom-bnb-sqli",10761
"btoptionscom-financial-sqli",10761
"btoptionscom-financial_times-xss",10763
"btoptionscom-hbr_php-sqli",10761
"btoptionscom-newspack-sqli",10761
"cab-fare-calculator-lfi",10758
"cacti-WeakPass",10752
"cacti-cacti-info",10773
"cacti-sql-info",10773
"canal-default-login",10752
"candidate-application-lfi",10758
"cherry-file-download",10758
"church-admin-lfi",10760
"churchope-lfi",10758
"cmseasy-aid-sqli",10761
"cmseasy-index-CommandExecution",10754
"cobubrazor_v8-Controller_fixt-info",10773
"cobubrazor_v8-Controller_fixt2-info",10773
"cobubrazor_v8-commonDbfix-info",10773
"cobubrazor_v8-getUpdateTest-info",10773
"cobubrazor_v8-ipTest-info",10773
"cobubrazor_v8-postclientdataTest-info",10773
"cobubrazor_v8-posterrorTest-info",10773
"cobubrazor_v8-posteventTest-info",10773
"cobubrazor_v8-posttagTest-info",10773
"cobubrazor_v8-postusinglogTest-info",10773
"cobubrazor_v8-view_fixt2-info",10773
"coldfusion-debug-xss",10763
"consul-rexec-rce",10754
"consul-service-rce",10754
"coremail-config-disclosure",10773
"couchdb-unauth",10767
"cve-2015-1830",10753
"cve-2016-3088",10767
"cve-2021-26085",10758
"db-backup-lfi",10760
"dedecms-carbuyaction-fileinclude",10759
"dedecms-config-xss",10763
"dedecms-guestbook-sqli",10761
"dedecms-membergroup-sqli",10761
"dedecms-openredirect",10766
"demo",10761
"diarise-theme-lfi",10758
"discuz-info-admincp",10773
"discuz-info-config_ucenter",10773
"discuz-rce-misc",10753
"discuz-sqli-my",10761
"discuz-sqli-nds_up_ques",10761
"discuz-sqli-shop",10761
"discuz-ssrf-forum",10765
"dlink-850L-info-leak",10773
"dlink-file-read",10758
"docker-compose-config",10773
"docker-registry",10767
"dockercfg-config",10773
"dockerfile-hidden-disclosure",10773
"dolphinscheduler-default-login",10752
"druid-console-exposure",10773
"druid-default-login",10752
"druid-monitor",10767
"dubbo-admin-default-login",10752
"duomicms-sql-injection",10761
"eatery-restaurant-open-redirect",10766
"ecology-arbitrary-fileUpload",10755
"ecology-fileDownload-directoryTraversal",10758
"ecology-javabeanshell-rce",10753
"ecology-springframework-directoryTraversal",10760
"ecology-syncuserinfo-sqli",10761
"ecology-v8-sqli",10761
"ecology-v9-fileUpload",10755
"ecology-weaver_common-fileUpload",10755
"ecology-workflowcentertreedata-sqli",10761
"ecshop-sqli",10761
"elasticsearch",10773
"elex-woocommerce-xss",10763
"etouch-v2-sqli",10761
"exploits-14263",10761
"exploits-20343",10761
"exploits-22403",10761
"exploits-34637",10761
"exploits-34754",10761
"exploits-35220",10761
"exploits-35246",10758
"exploits-37620",10758
"exploits-37773",10761
"exploits-37774",10761
"exploits-39879",10761
"exploits-41322",10761
"exploits-41323",10761
"exploits-41327",10761
"exploits-41328",10761
"exploits-41362",10761
"exploits-41368",10761
"exploits-41371",10761
"exploits-41372",10761
"exploits-41379",10761
"exploits-41384_2",10761
"exploits-41385",10761
"exploits-41386",10761
"exploits-41388",10761
"exploits-41399",10761
"exploits-41496",10761
"exploits-41500",10761
"exploits-44160",10761
"exploits-45476",10761
"exploits-45930",10761
"exploits-46219",10758
"exploits-46225",10761
"exploits-46227",10761
"exploits-46228",10761
"exploits-46229",10761
"exploits-46259",10761
"exploits-46260",10761
"exploits-46260-1",10761
"exploits-47249",10761
"exposed-alps-spring",10773
"exposed-docker-api",10767
"fastjson1_2_47-rce-Deserialization",10775
"feedwordpress-xss",10763
"feifeicms-lfr",10758
"finereport-path-traversal",10760
"flow-flow-social-stream-xss",10763
"frp-default-login",10752
"gitlab-api-user-enum",10760
"gitlab-public-repos",10774
"gitlab-public-snippets",10774
"gitlab-uninitialized-password",10774
"gitlab-weak-login",10752
"gocd-cruise-configuration",10773
"gocd-encryption-key",10773
"gocd-login",10774
"gocd-unauth-dashboard",10774
"grafana-default-login",10774
"grafana-public-signup",10774
"h3c-imc-rce",10754
"hadoop-unauth",10767
"hanming-lfr",10758
"hb-audio-lfi",10758
"health-check-lfi",10758
"hide-security-enhancer-lfi",10758
"hjtcloud-arbitrary-file-read",10758
"http-etcd-unauthenticated-api-data-leak",10767
"huawei-HG532e-default-login",10774
"huawei-hg255s-lfi",10760
"huawei-hg659-lfi",10760
"inspur-clusterengine-default-login",10774
"issuu-panel-lfi",10759
"jboss-seam-debug-page",10774
"jboss-web-console",10773
"jeewms-lfi",10758
"jenkins-unauthorized-access",10754
"jenkins-weak-password",10752
"jinher-oa-default-login",10752
"jmx-console",10767
"jmx-default-login",10752
"joomla-com-fabrik-lfi",10760
"joomla-config-dist-file",10773
"joomla-file-listing",10773
"joomla-htaccess-file",10773
"joomla-jvehicles-lfi",10758
"joomla-manifest-file",10773
"joomla-sqli-K2",10761
"joomla-sqli-com_fss",10761
"joomla-sqli-com_job",10761
"joomla-sqli-com_jobprofile",10761
"joomla-sqli-com_pccookbook",10761
"joomla-sqli-com_people",10761
"joomla-sqli-com_redshop",10761
"joomla-sqli-com_s5clanroster",10761
"joomla-sqli-vnmshop",10761
"joomla-sqli-weblinks_categories",10761
"joomla-unserialized-user_agent",10775
"jumpserver-unauth-rce",10753
"jupyter-ipython-unauth",10767
"jupyter-notebook-UnauthorizedAccess",10767
"kafka-center-default-login",10752
"kibana-unauth",10767
"kingdee-eas-DirectoryTraversal",10760
"kingsoft-v8-default-login",10752
"kingsoft-v8-file-read",10758
"kubernetes-kustomization-disclosure",10773
"kubernetes-pods-api",10754
"kyan-credential-exposure",10773
"laravel-debug-enabled",10774
"laravel-env",10774
"laravel-filemanager",10758
"laravel-ignition-xss",10763
"laravel-log-file",10774
"laravel-telescope",10773
"lvmeng-uts-disclosure",10773
"maccms-rce",10754
"maccmsv10-backdoo",10753
"maccmsv10-backdoor",10769
"metadata-service-alibaba",10774
"metinfo-lfi",10758
"minio-default-login",10752
"misconfigured-docker",10767
"mongodb-unauth",10767
"mpsec-lfi",10758
"mthemeunus-lfi",10758
"music-store-open-redirect",10763
"my-chatbot-xss",10763
"myucms-lfr",10758
"nagios-default-login",10752
"nativechurch-wp-theme-lfd",10758
"natshell-path-traversal",10758
"natshell-rce",10754
"netgear-router-auth-bypass",10767
"netgear-router-exposure",10773
"netgear-wac124-router-auth-bypass",10767
"newsletter-manager-open-redirect",10766
"nexus-default-login",10752
"ninjaform-open-redirect",10766
"nps-default-login",10752
"nsasg-arbitrary-file-read",10758
"nuuo-file-inclusion",10758
"nuuo-nvrmini2-upgradehandlephp-rce",10754
"odoo-cms-redirect",10766
"odoo-database-manager",10773
"ofbiz-default-login",10752
"panabit-default-login",10752
"panabit-ixcache-default-login",10752
"pbootcms-database-file-download",10773
"pentaho-default-login",10752
"phpmyadmin-misconfiguration",10767
"phpmyadmin-setup",10767
"phpstudy-backdoor-rce",10754
"phpunit",10773
"pieregister-open-redirect",10766
"pma-server-import",10767
"poc-yaml-CVE-2016-3088",10755
"poc-yaml-Confluence-ognl-rce",0
"poc-yaml-otter-default-password",10752
"poc-yaml-vmware-vcenter-ssrf",10765
"powercreator-cms-rce",10755
"prometheus-config",10773
"prometheus-exporter",10773
"prometheus-exposed-panel",10773
"prometheus-flags",10773
"prometheus-log",10773
"prometheus-metrics",10773
"prometheus-targets",10773
"pulse-secure-panel",10773
"pyspider-unauthorized-access",10767
"rabbitmq-default-login",10752
"rails-database-config",10773
"rails-secret-token-disclosure",10773
"rails6-xss",10763
"ranger-default-login",10752
"resin-cnnvd-200705-315",10773
"resin-inputfile-fileread",10760
"resin-viewfile-lfr",10773
"rockmongo-default-login",10752
"ruijie-eg-password-leak",10754
"ruijie-eg-rce",10754
"ruijie-info-pwdsetting",10773
"ruijie-nbr1300g-exposure",10767
"ruijie-networks-lfi",10758
"ruijie-networks-rce",10754
"ruijie-password-leak",10773
"ruijie-unauthorized-cookie",10774
"ruijie_RG_UAC-defaultUserpass",10752
"rusty-joomla",10753
"samsung-wlan-ap-lfi",10758
"samsung-wlan-ap-rce",10754
"samsung-wlan-ap-xss",10763
"samsung-wlan-default-login",10752
"sangfor-ba-rce",10754
"sangfor-edr-auth-bypass",10767
"sangfor-edr-rce",10754
"sassy-social-share-xss",10763
"seacms-before-v992-rce",10753
"seacms-rce",10753
"seacms-sqli",10761
"seacms-v654-rce",10754
"seacmsv645-command-exec",10753
"secnet-ac-default-password",10752
"seo-redirection-xss",10763
"shiziyu-ApigoodsController-sqlinjection",10761
"shiziyu-apicontroller-sqlinjection",10761
"shiziyu-image_upload-fileupload",10755
"shiziyu-wxapp-fileupload",10755
"shortcode-lfi",10758
"showdoc-default-login",10752
"showdoc-file-upload-rce",10755
"simple-image-manipulator-lfi",10758
"sniplets-lfi",10759
"sniplets-xss",10763
"solarwinds-default-admin",10752
"solr-exposure",10774
"sonarqube-public-projects",10767
"sonicwall-sslvpn-shellshock",10754
"spark-webui-unauth",10767
"spon-ip-intercom-ping-rce",10754
"springboot-actuators-jolokia-xxe",10762
"springboot-autoconfig",10774
"springboot-beans",10774
"springboot-configprops",10774
"springboot-dump",10774
"springboot-env",10774
"springboot-gateway",10774
"springboot-health",10774
"springboot-info",10774
"springboot-mappings",10774
"springboot-threaddump",10774
"springboot-trace",10774
"ssvid-19358",10761
"ssvid-89511",10758
"ssvid-92494",10773
"svid-90196",10761
"tamronos-rce",10754
"telecom-gateway-default-login",10752
"thinkcmf-arbitrary-code-execution",10753
"thinkcmf-rce",10753
"thinkphp-5023-rce",10753
"thinkphp5-rce-invokefunction",10753
"tongda-meeting-unauthorizedAccess",10690
"tongda-session-disclosure",10767
"tpshop-directory-traversal",10760
"ueditor_1433_net-upload-catchimage",10755
"ultimatemember-open-redirect",10766
"unauth-spark-api",10767
"unauthenticated-frp",10767
"unauthenticated-influxdb",10774
"unauthenticated-nacos-access",10767
"unauthorized-h3csecparh-login",10767
"unpatched-coldfusion",10763
"video-synchro-pdf-lfi",10759
"vmware-horizon-log4j-jndi-rce",10775
"vmware-horizon-panel",10774
"vrealize-operations-log4j-rce",10753
"w3c-total-cache-ssrf",10765
"wamgkang-unauthorized-export_log",10767
"wangkang_NS_ASG-sqli-menu",10761
"wanhuOA-default-login",10752
"wanhuOA-sqli-DossierBorrowAction",10761
"wanhuOA-sqli-GovDocumentDossierAction",10761
"wanhuOA-sqli-GovSendFileAction",10761
"wanhuOA-sqli-NameCardAction",10761
"wanhuOA-sqli-WorkflowCommonAction",10761
"wanhuOA-sqli-desktop",10761
"wanhuOA-sqli-outMailLoginCheck",10761
"wanhuOA-sqli-savePersonInfo",10761
"webmin-panel",10773
"weekender-newspaper-open-redirect",10766
"wifisky-default-login",10752
"wooyun-2010-0105709",10761
"wooyun-2010-0108912",10761
"wooyun-2010-0110312",10761
"wooyun-2010-0112834",10773
"wooyun-2010-0113020",10761
"wooyun-2010-0136925",10755
"wooyun-2010-0162149",10761
"wooyun-2010-021082",10768
"wooyun-2010-045643",10761
"wooyun-2010-057130",10773
"wooyun-2010-074765",10761
"wooyun-2010-075009",10761
"wooyun-2010-076114",10761
"wooyun-2010-082455",10758
"wooyun-2010-083458",10761
"wooyun-2010-086697",10761
"wooyun-2010-087500",10773
"wooyun-2010-088177",10761
"wooyun-2013-043187",10761
"wooyun-2014-054693",10753
"wooyun-2014-058925",10754
"wooyun-2014-058932",10758
"wooyun-2014-058987",10761
"wooyun-2014-060988",10761
"wooyun-2014-063225",10761
"wooyun-2014-063903",10755
"wooyun-2014-063903_2",10755
"wooyun-2014-064324",10761
"wooyun-2014-066512",10758
"wooyun-2014-067391",10755
"wooyun-2014-069363",10763
"wooyun-2014-069833",10763
"wooyun-2014-075657",10761
"wooyun-2014-075723",10773
"wooyun-2014-076418",10761
"wooyun-2014-076547",10755
"wooyun-2014-078679",10761
"wooyun-2014-082128",10755
"wooyun-2015-0100472",10773
"wooyun-2015-0101820",10761
"wooyun-2015-0103389",10761
"wooyun-2015-0105502",10767
"wooyun-2015-0105709",10761
"wooyun-2015-0106478",10761
"wooyun-2015-0107543",10761
"wooyun-2015-0108235",10761
"wooyun-2015-0108823",10758
"wooyun-2015-0110538",10773
"wooyun-2015-0116362",10761
"wooyun-2015-0123851",10754
"wooyun-2015-0124173",10761
"wooyun-2015-0125282",10755
"wooyun-2015-0125592",10755
"wooyun-2015-0125638",10755
"wooyun-2015-0125638_2",10758
"wooyun-2015-0126024_1",10761
"wooyun-2015-0126024_2",10761
"wooyun-2015-013006",10761
"wooyun-2015-0130759",10761
"wooyun-2015-0131386",10759
"wooyun-2015-0136818",10761
"wooyun-2015-0136933",10761
"wooyun-2015-0137238",10755
"wooyun-2015-0137378",10761
"wooyun-2015-0137378-1",10761
"wooyun-2015-0137503",10755
"wooyun-2015-0137503_2",10758
"wooyun-2015-0137785",10768
"wooyun-2015-0139684",10773
"wooyun-2015-0157215",10761
"wooyun-2015-0157458",10773
"wooyun-2015-0161677",10768
"wooyun-2015-0162117",10761
"wooyun-2015-093724",10761
"wooyun-2015-096676",10758
"wooyun-2015-097832",10758
"wooyun-2015-156891_1",10761
"wooyun-2015-156891_2",10761
"wooyun-2016-0170297",10773
"wooyun-2016-0190596",10755
"wooyun-2016-0208641",10758
"wordpress-accessible-wpconfig",10773
"wordpress-affiliatewp-log",10773
"wordpress-db-backup",10760
"wordpress-db-backup-listing",10760
"wordpress-db-repair",10767
"wordpress-directory-listing",10760
"wordpress-git-config",10760
"wordpress-infinitewp-auth-bypass",10767
"wordpress-rce-simplefilelist",10767
"wordpress-social-metrics-tracker",10767
"wordpress-ssrf-oembed",10765
"wordpress-total-upkeep-backup-download",10773
"wordpress-upload-data",10773
"wordpress-woocommerce-sqli",10761
"wordpress-wordfence-lfi",10758
"wordpress-wordfence-waf-bypass-xss",10763
"wordpress-wordfence-xss",10763
"wordpress-xmlrpc-brute-force",10752
"wordpress-zebra-form-xss",10763
"wp-adaptive-xss",10763
"wp-ambience-xss",10763
"wp-church-admin-xss",10763
"wp-config-setup",10767
"wp-custom-tables-xss",10763
"wp-debug-log",10773
"wp-finder-xss",10763
"wp-flagem-xss",10763
"wp-grimag-open-redirect",10766
"wp-gtranslate-open-redirect",10766
"wp-install",10774
"wp-javospot-lfi",10758
"wp-knews-xss",10763
"wp-memphis-documents-library-lfi",10759
"wp-multiple-theme-ssrf",10765
"wp-nextgen-xss",10763
"wp-oxygen-theme-lfi",10758
"wp-phpfreechat-xss",10763
"wp-prostore-open-redirect",10766
"wp-revslider-file-download",10758
"wp-securimage-xss",10763
"wp-security-open-redirect",10766
"wp-simple-fields-lfi",10759
"wp-slideshow-xss",10763
"wp-socialfit-xss",10763
"wp-spot-premium-lfi",10758
"wp-tinymce-lfi",10758
"wp-tutor-lfi",10759
"wp-under-construction-ssrf",10765
"wp-vault-local-file-inclusion",10759
"wp-woocommerce-email-verification",10767
"wp-woocommerce-file-download",10758
"wp-woocommerce-pdf-invoice-listing",10773
"wpconfig-aws-keys",10773
"wpdm-cache-session",10773
"wpmudev-pub-keys",10773
"wptouch-open-redirect",10766
"wuzhicms-sqli",10761
"xdcms-sqli",10761
"yapi-rce",10754
"yarn-resourcemanager-rce",10767
"yccms-rce",10753
"yonyouFE-SQLI-file_publish_open",10761
"yonyouFE-sqli-assetsTestList",10761
"yonyou_EHR-xxe-smartweb2",10762
"yonyou_ICC-download-getfile",10758
"yonyou_NC-info-ActionServlet",10773
"yonyou_NC-sqli-attach_download_d",10761
"yonyou_NC_IUFO-sqli-publishinfodetail",10761
"yonyou_U8-upload-FileUpload",10755
"yonyou_fe-sqli-left",10761
"yonyou_sqli_LoginUI",10761
"youyou_FE-SQLI-showphoto",10761
"yungoucms-sqli",10761
"zcms-v3-sqli",10761
"zhiyuan-file-upload",10755
"zhiyuan-oa-unauthorized",10767
"zimbra-preauth-ssrf",10765
"zzcms-zsmanage-sqli",10761
